customer_id,num_employees,business_age_months,industry,region,shopee_gmv_3m,gmv_growth_12m,order_count_monthly,return_rate,seller_rating,momo_net_cashflow_avg,pos_volume_6m,supplier_payment_regularity,payroll_regularity,active_days_per_month,invoice_revenue_12m,invoice_revenue_growth,unique_buyer_count,vat_filing_on_time_ratio,invoice_cancel_rate,electricity_consumption_avg,electricity_growth,utility_payment_on_time,shipment_count_monthly,delivery_success_rate,logistics_return_rate,google_review_count,google_avg_rating,facebook_page_age_months,facebook_engagement_rate,buyer_diversity_score,supplier_diversity_score,pagerank_score,network_default_exposure,shared_device_risk_flag,enterprise_size,default,_gt_latent_risk,_gt_quality,_dsr_raw,_dsr_group
SME_000000,46,80,services,HCMC,,,,,,,,,,,,,,,,,,,,,,,,,,0.627,0.792,0.002914,0.045,0.0,small,0,0.027,0.973,0.167,thin
SME_000001,3,33,services,HCMC,,,,,,,,,,,,,,,,,,,,,,,,,,,,,,,micro,0,0.5949,0.4051,0.0,thin
SME_000002,183,19,manufacturing,HCMC,,,,,,,,,,,14203026000.0,0.378,62.0,0.956,0.015,15866.5,0.4,0.863,,,,49.0,4.8,137.0,0.0,0.979,0.656,0.001981,0.0,0.0,medium,0,0.0082,0.9918,0.567,semi
SME_000003,33,13,retail,Danang,248965000.0,0.692,143.0,0.125,4.42,46313000.0,1225055000.0,0.888,1.0,28.0,2858975000.0,0.693,99.0,0.876,0.0,2548.8,0.333,0.929,201.0,0.987,0.116,21.0,4.25,47.0,0.033,0.811,0.453,0.001322,0.0,0.0,small,0,0.0059,0.9941,1.0,thick
SME_000004,1,14,F&B,CanTho,103384000.0,0.29,83.0,0.133,4.99,,,,,,,,,,,382.3,0.29,0.944,,,,24.0,4.93,61.0,0.0489,0.553,0.875,0.004425,0.02,0.0,micro,0,0.0194,0.9806,0.567,semi
SME_000005,131,73,retail,Hanoi,1680472000.0,0.334,893.0,0.069,4.39,337019000.0,2120625000.0,0.849,1.0,18.0,,,,,,9314.7,-0.095,1.0,607.0,0.945,0.056,,,,,0.802,0.899,0.002393,0.183,0.0,medium,0,0.0536,0.9464,0.7,semi
SME_000006,48,34,services,other,,,,,,117607000.0,978456000.0,0.938,1.0,20.0,6010162000.0,0.366,80.0,0.978,0.006,3743.1,0.453,0.845,158.0,0.978,0.084,,,,,0.729,0.833,0.001516,0.0,0.0,small,0,0.0124,0.9876,0.7,semi
SME_000007,33,28,services,HaiPhong,,,,,,65892000.0,1075839000.0,1.0,0.849,31.0,3128129000.0,0.528,77.0,0.984,0.005,,,,145.0,0.943,0.0,153.0,4.18,220.0,0.0448,0.908,0.457,0.002374,0.062,0.0,small,0,0.0079,0.9921,0.733,thick
SME_000008,10,21,retail,HCMC,,,,,,,,,,,,,,,,147.7,-0.139,0.846,,,,,,,,,,,,,micro,0,0.4835,0.5165,0.1,thin
SME_000009,12,74,agriculture,HCMC,,,,,,,,,,,,,,,,,,,,,,,,,,,,,,,small,0,0.0435,0.9565,0.0,thin
SME_000010,4,18,services,HCMC,,,,,,,,,,,,,,,,2224.8,0.167,0.855,,,,,,,,,,,,,micro,1,0.1375,0.8625,0.1,thin
SME_000011,90,15,retail,HaiPhong,1809256000.0,0.258,1148.0,0.074,4.45,190811000.0,6611013000.0,1.0,1.0,31.0,9230214000.0,0.627,98.0,0.916,0.046,6440.6,0.397,0.783,319.0,0.948,0.084,175.0,4.05,41.0,0.0304,0.634,0.754,0.003688,0.1,0.0,medium,0,0.0139,0.9861,1.0,thick
SME_000012,44,17,retail,HCMC,392505000.0,0.381,186.0,0.095,4.3,46489000.0,671697000.0,0.939,0.908,31.0,,,,,,1686.4,0.285,0.939,,,,49.0,3.82,43.0,0.0112,0.714,0.356,0.001085,0.094,0.0,small,0,0.0995,0.9005,0.733,thick
SME_000013,27,60,agriculture,HCMC,612434000.0,0.459,319.0,0.02,4.2,27787000.0,593501000.0,0.938,0.847,25.0,914381000.0,0.42,58.0,1.0,0.011,3400.2,0.452,0.873,114.0,0.939,0.125,,,,,0.392,0.754,0.001723,0.049,0.0,small,1,0.1182,0.8818,0.867,thick
SME_000014,2,18,retail,other,36384000.0,0.017,135.0,0.024,4.44,,,,,,108419000.0,0.037,14.0,0.659,0.0,743.5,-0.091,0.973,20.0,0.952,0.047,24.0,4.33,44.0,0.0325,0.798,0.732,0.001781,0.038,0.0,micro,0,0.3522,0.6478,0.833,thick
SME_000015,1,68,retail,HCMC,,,,,,14676000.0,136727000.0,0.995,0.929,17.0,,,,,,650.8,0.165,0.915,27.0,0.846,0.057,20.0,3.56,63.0,0.0,,,,,,micro,0,0.0053,0.9947,0.5,semi
SME_000016,29,19,F&B,Danang,,,,,,,,,,,2876850000.0,0.058,51.0,0.906,0.031,5438.7,0.32,0.94,,,,25.0,4.07,36.0,0.0616,,,,,,small,0,0.0067,0.9933,0.4,thin
SME_000017,1,21,manufacturing,other,,,,,,,,,,,1559471000.0,0.446,18.0,0.995,0.008,,,,,,,,,,,0.804,0.736,0.001997,0.016,0.0,micro,0,0.0132,0.9868,0.333,thin
SME_000018,22,11,retail,Hanoi,,,,,,,,,,,2735768000.0,0.023,54.0,0.906,0.022,3827.6,0.367,0.839,187.0,0.87,0.037,,,,,,,,,,small,0,0.0868,0.9132,0.367,thin
SME_000019,31,95,agriculture,HCMC,,,,,,,,,,,,,,,,1542.4,-0.025,0.898,,,,,,,,0.483,0.486,0.001719,0.069,0.0,small,0,0.2661,0.7339,0.267,thin
SME_000020,48,18,wholesale,Hanoi,355939000.0,-0.043,150.0,0.087,4.48,66009000.0,305566000.0,0.854,0.909,31.0,4335412000.0,0.041,75.0,0.879,0.0,1345.5,0.074,0.849,103.0,0.93,0.07,71.0,4.47,40.0,0.0428,0.721,0.734,0.002181,0.048,0.0,small,1,0.1781,0.8219,1.0,thick
SME_000021,1,22,agriculture,HCMC,180988000.0,0.064,57.0,0.034,4.31,,,,,,,,,,,,,,25.0,0.955,0.0,,,,,0.811,0.706,0.00209,0.08,0.0,micro,0,0.0099,0.9901,0.433,semi
SME_000022,190,129,retail,Danang,,,,,,231043000.0,2213204000.0,0.854,0.937,31.0,,,,,,,,,,,,,,,,0.845,0.734,0.003031,0.035,0.0,medium,0,0.0085,0.9915,0.333,thin
SME_000023,95,57,F&B,other,,,,,,,,,,,,,,,,,,,,,,33.0,4.54,90.0,0.0462,,,,,,medium,0,0.0334,0.9666,0.133,thin
SME_000024,14,21,F&B,Hanoi,,,,,,50687000.0,672222000.0,0.91,0.894,20.0,2136085000.0,0.256,48.0,1.0,0.017,4220.8,-0.01,0.982,107.0,0.99,0.003,63.0,3.73,48.0,0.0478,0.828,0.74,0.001712,0.109,0.0,small,0,0.0125,0.9875,0.833,thick
SME_000025,3,40,retail,HCMC,,,,,,,,,,,,,,,,,,,,,,,,,,,,,,,micro,0,0.0972,0.9028,0.0,thin
SME_000026,40,5,F&B,other,236874000.0,0.319,460.0,0.084,4.37,,,,,,16831558000.0,0.706,97.0,1.0,0.0,1846.3,0.399,0.975,,,,370.0,3.51,53.0,0.007,,,,,,small,0,0.0206,0.9794,0.567,semi
SME_000027,8,31,retail,HaiPhong,,,,,,,,,,,,,,,,,,,96.0,0.933,0.097,,,,,,,,,,micro,0,0.0303,0.9697,0.1,thin
SME_000028,1,15,services,HCMC,,,,,,,,,,,333912000.0,0.127,12.0,0.65,0.095,,,,,,,,,,,,,,,,micro,1,0.3778,0.6222,0.167,thin
SME_000029,11,75,manufacturing,Hanoi,192768000.0,0.048,76.0,0.106,4.04,,,,,,2643704000.0,0.456,50.0,0.926,0.069,,,,,,,68.0,3.82,130.0,0.0,0.629,0.797,0.001913,0.109,0.0,small,0,0.2472,0.7528,0.633,semi
SME_000030,32,34,F&B,HCMC,,,,,,,,,,,,,,,,,,,,,,115.0,4.44,48.0,0.0509,,,,,,small,0,0.1693,0.8307,0.133,thin
SME_000031,95,91,retail,Hanoi,661472000.0,0.224,318.0,0.128,4.02,65688000.0,954843000.0,0.795,0.928,23.0,6654324000.0,0.091,43.0,0.749,0.083,7770.0,-0.223,0.722,405.0,0.939,0.0,111.0,4.27,17.0,0.0865,0.16,0.639,0.001323,0.079,0.0,medium,0,0.457,0.543,1.0,thick
SME_000032,2,2,services,HCMC,,,,,,,,,,,,,,,,,,,,,,,,,,,,,,,micro,1,0.2727,0.7273,0.0,thin
SME_000033,3,18,services,Danang,,,,,,12371000.0,148185000.0,0.897,0.979,18.0,536901000.0,0.297,19.0,0.659,0.091,609.7,-0.08,1.0,42.0,0.84,0.156,24.0,4.31,101.0,0.01,0.654,0.628,0.001915,0.0,0.0,micro,0,0.0561,0.9439,0.833,thick
SME_000034,14,98,F&B,Danang,,,,,,,,,,,,,,,,,,,,,,,,,,,,,,,small,0,0.1677,0.8323,0.0,thin
SME_000035,5,79,agriculture,HCMC,,,,,,27611000.0,458820000.0,0.772,0.976,28.0,674637000.0,0.817,31.0,0.86,0.05,2136.3,0.015,0.808,,,,19.0,3.78,39.0,0.0607,,,,,,micro,0,0.0487,0.9513,0.567,semi
SME_000036,2,32,manufacturing,HCMC,201679000.0,0.484,49.0,0.06,4.5,15582000.0,187660000.0,0.893,1.0,16.0,1641377000.0,0.538,38.0,1.0,0.038,981.8,0.31,0.929,88.0,0.914,0.0,26.0,4.58,28.0,0.0,,,,,,micro,0,0.005,0.995,0.833,thick
SME_000037,49,32,retail,HCMC,315290000.0,0.473,132.0,0.058,4.25,87328000.0,325500000.0,0.812,1.0,25.0,,,,,,,,,,,,,,,,0.99,0.357,0.001601,0.045,0.0,small,0,0.1105,0.8895,0.5,semi
SME_000038,6,28,retail,other,,,,,,,,,,,,,,,,,,,,,,,,,,,,,,,micro,1,0.1653,0.8347,0.0,thin
SME_000039,13,6,F&B,other,182460000.0,0.797,111.0,0.057,4.36,31406000.0,1068938000.0,0.837,0.819,22.0,,,,,,1950.2,0.22,1.0,,,,,,,,0.61,0.654,0.00303,0.103,0.0,small,0,0.0343,0.9657,0.6,semi
SME_000040,9,18,F&B,Hanoi,,,,,,,,,,,,,,,,,,,,,,,,,,,,,,,micro,0,0.0776,0.9224,0.0,thin
SME_000041,149,82,manufacturing,other,1257342000.0,0.468,417.0,0.005,4.03,84792000.0,1350628000.0,0.924,0.928,20.0,,,,,,4285.9,-0.057,0.829,143.0,0.958,0.125,51.0,3.63,48.0,0.0055,0.814,0.43,0.001147,0.074,0.0,medium,1,0.3673,0.6327,0.833,thick
SME_000042,11,14,manufacturing,HCMC,756508000.0,0.424,222.0,0.028,4.26,,,,,,2126164000.0,0.342,30.0,0.801,0.0,,,,139.0,0.918,0.073,,,,,0.687,0.694,0.002909,0.089,0.0,small,0,0.005,0.995,0.6,semi
SME_000043,1,35,F&B,other,,,,,,,,,,,,,,,,1878.8,0.134,1.0,,,,7.0,3.72,49.0,0.0006,,,,,,micro,0,0.1504,0.8496,0.233,thin
SME_000044,184,78,F&B,other,1390320000.0,0.469,754.0,0.051,4.33,248369000.0,1418899000.0,0.972,0.916,18.0,12032987000.0,0.458,142.0,0.894,0.003,12763.2,0.187,1.0,,,,165.0,4.17,52.0,0.0467,0.656,0.754,0.001237,0.072,0.0,medium,0,0.0792,0.9208,0.9,thick
SME_000045,32,33,wholesale,HCMC,152722000.0,0.078,180.0,0.227,4.01,,,,,,,,,,,,,,,,,51.0,4.74,77.0,0.0295,,,,,,small,0,0.3394,0.6606,0.3,thin
SME_000046,10,13,retail,Hanoi,,,,,,,,,,,1441650000.0,0.214,25.0,0.898,0.039,849.9,0.247,0.922,,,,21.0,3.3,44.0,0.0351,,,,,,micro,0,0.0205,0.9795,0.4,thin
SME_000047,2,27,manufacturing,Hanoi,,,,,,,,,,,,,,,,,,,,,,,,,,,,,,,micro,1,0.0177,0.9823,0.0,thin
SME_000048,19,5,wholesale,Hanoi,,,,,,12896000.0,352198000.0,0.948,0.964,25.0,,,,,,,,,,,,,,,,,,,,,small,0,0.0276,0.9724,0.167,thin
SME_000049,9,58,services,other,,,,,,,,,,,997936000.0,0.551,12.0,0.968,0.004,832.3,0.083,0.988,32.0,0.896,0.041,28.0,4.72,57.0,0.0397,0.706,0.926,0.001859,0.0,0.0,micro,0,0.119,0.881,0.667,semi
SME_000050,9,52,retail,HCMC,89521000.0,0.263,38.0,0.074,4.36,,,,,,1905642000.0,0.228,10.0,0.931,0.035,,,,42.0,0.993,0.152,,,,,0.894,0.687,0.001781,0.0,0.0,micro,0,0.061,0.939,0.6,semi
SME_000051,9,25,services,CanTho,102905000.0,0.233,57.0,0.109,4.81,,,,,,1543492000.0,0.396,24.0,0.913,0.057,,,,23.0,1.0,0.045,20.0,4.07,30.0,0.0535,0.643,0.847,0.001799,0.021,0.0,micro,0,0.005,0.995,0.733,thick
SME_000052,11,47,manufacturing,Hanoi,,,,,,52928000.0,1491906000.0,0.904,1.0,20.0,1490728000.0,0.314,69.0,1.0,0.0,4879.0,0.451,0.845,,,,,,,,0.721,0.867,0.001506,0.008,0.0,small,0,0.0154,0.9846,0.6,semi
SME_000053,37,30,manufacturing,other,539818000.0,0.376,272.0,0.009,4.49,48825000.0,1154335000.0,0.854,0.906,25.0,3321245000.0,0.388,98.0,0.894,0.026,3893.7,0.547,0.889,118.0,0.962,0.038,,,,,0.715,0.64,0.002207,0.211,0.0,small,0,0.005,0.995,0.867,thick
SME_000054,35,11,F&B,Danang,,,,,,41127000.0,252308000.0,0.782,1.0,19.0,,,,,,,,,95.0,0.842,0.064,,,,,,,,,,small,0,0.3813,0.6187,0.267,thin
SME_000055,13,20,retail,Hanoi,,,,,,,,,,,,,,,,,,,82.0,0.961,0.164,,,,,0.812,0.604,0.002131,0.132,0.0,small,0,0.0515,0.9485,0.267,thin
SME_000056,45,10,services,HCMC,,,,,,36510000.0,456295000.0,0.985,0.876,18.0,,,,,,2984.0,0.187,0.868,,,,14.0,4.16,39.0,0.0323,0.57,0.719,0.002639,0.052,0.0,small,0,0.0291,0.9709,0.567,semi
SME_000057,49,16,manufacturing,HaiPhong,249294000.0,0.425,124.0,0.065,4.03,,,,,,2839846000.0,0.518,52.0,1.0,0.0,1876.7,0.339,0.914,,,,,,,,,,,,,small,0,0.0124,0.9876,0.433,semi
SME_000058,1,12,F&B,Hanoi,,,,,,9516000.0,403797000.0,0.856,0.969,31.0,,,,,,625.6,0.402,0.875,,,,,,,,0.321,0.774,0.002275,0.073,0.0,micro,0,0.0556,0.9444,0.433,semi
SME_000059,7,12,services,Hanoi,81787000.0,0.479,162.0,0.039,4.74,29169000.0,265206000.0,1.0,1.0,21.0,1325846000.0,0.403,31.0,1.0,0.0,,,,94.0,0.878,0.107,73.0,4.36,39.0,0.0412,0.954,0.838,0.002816,0.0,0.0,micro,0,0.0185,0.9815,0.9,thick
SME_000060,19,37,retail,Danang,342275000.0,0.399,134.0,0.064,4.37,,,,,,1488035000.0,0.202,67.0,0.821,0.059,,,,85.0,0.905,0.082,50.0,3.88,30.0,0.0491,0.612,0.66,0.001006,0.142,0.0,small,0,0.3113,0.6887,0.733,thick
SME_000061,39,6,F&B,other,,,,,,112157000.0,687226000.0,0.852,0.832,26.0,2971147000.0,0.457,44.0,0.995,0.048,1750.1,0.423,0.874,,,,,,,,0.845,0.705,0.001361,0.0,0.0,small,0,0.0354,0.9646,0.6,semi
SME_000062,24,21,retail,CanTho,,,,,,,,,,,1038964000.0,0.463,30.0,0.727,0.003,,,,144.0,0.934,0.015,63.0,4.19,30.0,0.0772,0.915,0.198,0.002036,0.0,0.0,small,1,0.208,0.792,0.567,semi
SME_000063,41,52,F&B,other,,,,,,,,,,,,,,,,,,,,,,,,,,,,,,,small,0,0.1372,0.8628,0.0,thin
SME_000064,33,61,agriculture,other,719365000.0,-0.082,190.0,0.082,4.12,31444000.0,551511000.0,0.98,0.999,29.0,,,,,,,,,,,,137.0,4.51,105.0,0.0097,0.761,0.692,0.002424,0.014,0.0,small,0,0.0163,0.9837,0.633,semi
SME_000065,34,18,manufacturing,other,,,,,,,,,,,,,,,,,,,,,,,,,,,,,,,small,0,0.0632,0.9368,0.0,thin
SME_000066,32,68,F&B,other,,,,,,78828000.0,1126591000.0,0.994,0.864,27.0,4136004000.0,0.28,66.0,0.996,0.022,4797.0,0.36,1.0,150.0,0.966,0.023,84.0,4.13,110.0,0.0314,0.999,0.317,0.002192,0.029,0.0,small,0,0.019,0.981,0.833,thick
SME_000067,6,23,manufacturing,HaiPhong,,,,,,13741000.0,74347000.0,1.0,0.75,20.0,,,,,,,,,,,,,,,,,,,,,micro,0,0.1612,0.8388,0.167,thin
SME_000068,3,30,services,HaiPhong,,,,,,,,,,,,,,,,,,,,,,,,,,0.81,0.624,0.001319,0.047,0.0,micro,0,0.018,0.982,0.167,thin
SME_000069,9,30,manufacturing,HCMC,,,,,,,,,,,,,,,,1048.9,0.078,0.721,47.0,0.918,0.0,,,,,,,,,,micro,0,0.005,0.995,0.2,thin
SME_000070,6,33,retail,other,,,,,,,,,,,,,,,,454.0,0.335,1.0,22.0,0.947,0.018,10.0,4.65,28.0,0.0265,0.639,0.562,0.002862,0.104,0.0,micro,0,0.0542,0.9458,0.5,semi
SME_000071,8,44,retail,HCMC,153337000.0,0.734,127.0,0.042,4.14,,,,,,882759000.0,0.124,25.0,1.0,0.048,803.0,0.073,0.797,16.0,0.99,0.07,,,,,0.696,0.868,0.000954,0.077,0.0,micro,0,0.0332,0.9668,0.7,semi
SME_000072,141,28,services,other,512070000.0,0.048,565.0,0.0,4.4,,,,,,11345149000.0,0.344,50.0,0.95,0.056,7517.5,0.306,0.876,344.0,0.948,0.048,,,,,,,,,,medium,0,0.1399,0.8601,0.533,semi
SME_000073,9,41,manufacturing,HCMC,21162000.0,0.495,209.0,0.04,4.42,,,,,,,,,,,,,,,,,,,,,0.835,0.633,0.00296,0.024,0.0,micro,0,0.0136,0.9864,0.333,thin
SME_000074,7,42,manufacturing,other,,,,,,21407000.0,300676000.0,0.853,0.926,22.0,1423976000.0,0.222,46.0,0.97,0.008,419.8,0.07,0.823,,,,,,,,0.776,0.82,0.002407,0.097,0.0,micro,0,0.0279,0.9721,0.6,semi
SME_000075,9,19,retail,Danang,93999000.0,0.434,61.0,0.12,4.31,14561000.0,197970000.0,0.803,0.888,22.0,834689000.0,0.239,21.0,1.0,0.002,540.9,0.338,0.985,26.0,0.959,0.099,19.0,4.4,12.0,0.0798,0.85,0.242,0.001155,0.057,0.0,micro,0,0.2133,0.7867,1.0,thick
SME_000076,6,72,retail,HCMC,123295000.0,0.106,23.0,0.107,3.9,,,,,,,,,,,,,,,,,19.0,4.18,43.0,0.0278,0.617,0.504,0.001778,0.053,0.0,micro,1,0.3859,0.6141,0.467,semi
SME_000077,35,28,retail,Hanoi,242992000.0,0.514,292.0,0.11,4.01,109035000.0,901760000.0,0.797,0.948,18.0,832805000.0,0.403,43.0,0.795,0.011,1882.4,0.273,0.976,199.0,0.987,0.0,45.0,4.46,41.0,0.0532,0.841,0.497,0.001371,0.137,0.0,small,0,0.0239,0.9761,1.0,thick
SME_000078,46,119,services,HaiPhong,340877000.0,0.329,272.0,0.044,4.06,,,,,,5450352000.0,0.637,47.0,0.931,0.0,2133.6,0.289,0.939,172.0,1.0,0.056,48.0,3.7,82.0,0.0083,,,,,,small,0,0.0756,0.9244,0.667,semi
SME_000079,32,31,wholesale,HCMC,,,,,,,,,,,934803000.0,0.29,25.0,0.924,0.0,2034.6,0.223,1.0,,,,,,,,,,,,,small,0,0.0815,0.9185,0.267,thin
SME_000080,17,145,F&B,other,,,,,,,,,,,,,,,,,,,,,,36.0,4.64,44.0,0.0236,,,,,,small,0,0.005,0.995,0.133,thin
SME_000081,10,4,retail,Danang,89641000.0,0.671,33.0,0.085,3.93,13140000.0,128273000.0,0.89,0.824,24.0,1077091000.0,0.447,26.0,0.797,0.04,501.3,-0.043,0.743,66.0,0.953,0.109,,,,,,,,,,micro,0,0.234,0.766,0.7,semi
SME_000082,14,34,manufacturing,Hanoi,403515000.0,0.114,192.0,0.155,3.97,36577000.0,627154000.0,0.896,0.911,15.0,,,,,,2276.4,0.325,0.802,110.0,0.984,0.033,27.0,4.55,27.0,0.0063,0.828,0.831,0.001429,0.141,0.0,small,0,0.1324,0.8676,0.833,thick
SME_000083,10,61,manufacturing,HCMC,,,,,,,,,,,,,,,,432.2,-0.047,0.793,21.0,0.901,0.067,31.0,4.36,66.0,0.0425,,,,,,micro,1,0.2395,0.7605,0.333,thin
SME_000084,3,33,retail,other,141876000.0,0.506,167.0,0.035,4.45,23414000.0,208634000.0,0.926,0.979,30.0,496821000.0,0.598,28.0,1.0,0.0,932.0,0.241,1.0,24.0,1.0,0.061,26.0,4.46,53.0,0.0187,0.793,0.248,0.001947,0.058,0.0,micro,0,0.0397,0.9603,1.0,thick
SME_000085,2,55,retail,Danang,,,,,,,,,,,,,,,,,,,,,,,,,,,,,,,micro,0,0.1138,0.8862,0.0,thin
SME_000086,44,22,retail,HaiPhong,,,,,,,,,,,,,,,,,,,,,,,,,,0.326,0.825,0.002576,0.114,0.0,small,0,0.0337,0.9663,0.167,thin
SME_000087,50,52,manufacturing,CanTho,,,,,,57485000.0,649595000.0,0.868,0.928,23.0,3319756000.0,0.103,43.0,1.0,0.031,,,,307.0,0.918,0.07,,,,,0.832,0.502,0.002232,0.074,0.0,small,1,0.0531,0.9469,0.6,semi
SME_000088,3,46,manufacturing,Hanoi,,,,,,,,,,,,,,,,,,,,,,,,,,,,,,,micro,1,0.1171,0.8829,0.0,thin
SME_000089,43,7,retail,other,477268000.0,0.066,180.0,0.076,4.43,59180000.0,1727619000.0,0.939,0.983,22.0,,,,,,,,,82.0,0.934,0.02,55.0,3.35,107.0,0.0341,,,,,,small,0,0.016,0.984,0.567,semi
SME_000090,7,42,retail,other,138059000.0,0.674,68.0,0.049,4.34,12596000.0,173357000.0,0.819,0.893,25.0,,,,,,1766.2,0.054,0.833,,,,19.0,3.84,31.0,0.0532,0.599,0.639,0.002241,0.087,0.0,micro,0,0.1049,0.8951,0.733,thick
SME_000091,39,34,retail,HCMC,,,,,,,,,,,,,,,,,,,,,,,,,,0.723,0.725,0.001656,0.079,0.0,small,0,0.026,0.974,0.167,thin
SME_000092,1,14,manufacturing,HCMC,51903000.0,0.363,68.0,0.009,4.56,24024000.0,307637000.0,0.886,0.81,27.0,,,,,,,,,31.0,0.861,0.067,8.0,4.15,62.0,0.0257,0.728,0.772,0.001933,0.133,0.0,micro,1,0.1361,0.8639,0.733,thick
SME_000093,1,20,agriculture,Danang,,,,,,,,,,,,,,,,930.0,0.053,0.854,,,,,,,,,,,,,micro,0,0.005,0.995,0.1,thin
SME_000094,10,16,agriculture,HaiPhong,94636000.0,0.736,110.0,0.099,3.68,19577000.0,606926000.0,0.918,1.0,28.0,,,,,,631.2,0.059,0.998,76.0,0.957,0.021,11.0,4.28,64.0,0.0535,0.858,0.829,0.001862,0.0,0.0,micro,0,0.0613,0.9387,0.833,thick
SME_000095,11,26,retail,Hanoi,,,,,,,,,,,,,,,,2602.9,0.09,0.833,,,,,,,,,,,,,small,0,0.2099,0.7901,0.1,thin
SME_000096,8,12,retail,HCMC,48448000.0,0.311,67.0,0.147,4.67,6322000.0,113914000.0,0.833,0.822,22.0,,,,,,793.0,0.279,0.795,,,,36.0,3.75,50.0,0.017,,,,,,micro,0,0.2647,0.7353,0.567,semi
SME_000097,4,20,agriculture,HCMC,,,,,,7597000.0,157073000.0,0.931,0.911,13.0,,,,,,,,,,,,19.0,3.7,44.0,0.0595,,,,,,micro,0,0.0577,0.9423,0.3,thin
SME_000098,9,36,wholesale,Hanoi,86462000.0,0.373,128.0,0.09,4.43,14064000.0,298574000.0,0.951,0.886,23.0,895817000.0,0.448,24.0,0.962,0.038,312.7,0.333,1.0,92.0,0.86,0.07,,,,,0.476,0.595,0.002168,0.041,0.0,micro,0,0.012,0.988,0.867,thick
SME_000099,96,43,services,HCMC,,,,,,171445000.0,1841132000.0,0.856,0.718,26.0,21369656000.0,0.239,86.0,0.944,0.057,7801.8,0.116,0.999,,,,291.0,3.51,77.0,0.0398,,,,,,medium,0,0.0169,0.9831,0.567,semi
SME_000100,103,4,manufacturing,other,940096000.0,0.309,385.0,0.065,4.15,178812000.0,4888483000.0,0.859,0.768,20.0,14327618000.0,0.307,69.0,0.94,0.043,7325.9,0.275,0.998,392.0,0.886,0.133,137.0,4.79,78.0,0.0797,,,,,,medium,0,0.1035,0.8965,0.833,thick
SME_000101,29,42,manufacturing,other,,,,,,58468000.0,1761267000.0,0.852,1.0,30.0,3749058000.0,0.529,45.0,0.904,0.0,,,,234.0,0.865,0.0,,,,,0.753,0.266,0.00307,0.096,0.0,small,0,0.0621,0.9379,0.6,semi
SME_000102,10,34,services,Hanoi,87598000.0,0.195,45.0,0.056,4.2,17549000.0,757722000.0,1.0,1.0,18.0,,,,,,,,,37.0,1.0,0.076,88.0,4.44,40.0,0.0703,0.764,0.841,0.002687,0.032,0.0,micro,0,0.027,0.973,0.733,thick
SME_000103,66,72,F&B,Hanoi,919120000.0,0.21,909.0,0.121,3.91,160121000.0,3630443000.0,0.977,0.887,28.0,14608425000.0,0.495,102.0,0.858,0.0,,,,812.0,0.869,0.124,59.0,3.8,45.0,0.0333,0.732,0.884,0.001079,0.0,0.0,medium,0,0.0119,0.9881,0.9,thick
SME_000104,10,7,retail,HCMC,189653000.0,0.258,1050.0,0.135,4.59,,,,,,3744710000.0,0.393,27.0,1.0,0.0,2602.6,0.263,0.965,,,,42.0,4.95,64.0,0.0,0.925,0.644,0.002488,0.117,0.0,small,0,0.0184,0.9816,0.733,thick
SME_000105,35,44,F&B,Danang,499247000.0,0.333,213.0,0.063,4.5,77886000.0,1172253000.0,1.0,0.982,23.0,3198841000.0,0.395,65.0,0.988,0.012,2751.0,0.167,0.875,216.0,1.0,0.058,,,,,,,,,,small,0,0.0151,0.9849,0.7,semi
SME_000106,9,19,retail,HaiPhong,100177000.0,0.467,68.0,0.171,4.5,11138000.0,268205000.0,0.868,0.846,21.0,1036104000.0,-0.0,30.0,0.748,0.084,829.2,0.326,0.957,,,,9.0,3.91,32.0,0.0528,0.795,0.353,0.002251,0.097,0.0,micro,0,0.1737,0.8263,0.9,thick
SME_000107,2,45,retail,other,,,,,,,,,,,241622000.0,0.264,42.0,1.0,0.007,755.3,0.396,0.988,,,,,,,,,,,,,micro,0,0.0837,0.9163,0.267,thin
SME_000108,1,50,retail,other,,,,,,11857000.0,198561000.0,0.956,0.988,21.0,,,,,,531.2,0.274,0.904,,,,,,,,,,,,,micro,0,0.0619,0.9381,0.267,thin
SME_000109,76,42,wholesale,other,638812000.0,0.159,533.0,0.12,4.48,134849000.0,496555000.0,0.877,0.869,26.0,6890652000.0,0.16,61.0,0.954,0.022,,,,,,,65.0,4.63,30.0,0.0328,0.349,0.577,0.0041,0.154,0.0,medium,0,0.3073,0.6927,0.8,thick
SME_000110,40,123,retail,CanTho,,,,,,,,,,,,,,,,,,,,,,,,,,,,,,,small,0,0.051,0.949,0.0,thin
SME_000111,2,58,retail,CanTho,,,,,,,,,,,,,,,,,,,,,,,,,,,,,,,micro,0,0.1841,0.8159,0.0,thin
SME_000112,6,11,services,Hanoi,119052000.0,0.342,32.0,0.017,3.98,,,,,,,,,,,,,,,,,,,,,,,,,,micro,0,0.005,0.995,0.167,thin
SME_000113,31,19,retail,Hanoi,809153000.0,0.162,288.0,0.06,4.55,83697000.0,892277000.0,0.997,0.842,21.0,2685761000.0,0.538,64.0,1.0,0.014,,,,305.0,0.875,0.046,97.0,4.4,54.0,0.0545,,,,,,small,0,0.0109,0.9891,0.733,thick
SME_000114,2,22,services,Hanoi,,,,,,,,,,,,,,,,,,,,,,,,,,0.898,0.791,0.003742,0.061,0.0,micro,0,0.0075,0.9925,0.167,thin
SME_000115,83,46,retail,other,1546925000.0,0.191,438.0,0.091,4.19,122421000.0,3508492000.0,0.949,1.0,31.0,15693302000.0,0.252,150.0,0.952,0.0,8619.6,0.073,1.0,984.0,1.0,0.001,70.0,4.25,41.0,0.0183,,,,,,medium,0,0.0368,0.9632,0.833,thick
SME_000116,22,9,F&B,HCMC,677646000.0,0.749,281.0,0.0,4.58,,,,,,1626160000.0,0.561,38.0,1.0,0.047,,,,,,,,,,,0.943,0.476,0.003592,0.045,0.0,small,0,0.0139,0.9861,0.5,semi
SME_000117,39,18,services,Danang,294704000.0,0.272,349.0,0.0,4.6,,,,,,6412371000.0,0.522,65.0,1.0,0.015,5813.8,0.246,0.926,167.0,0.991,0.036,33.0,4.1,77.0,0.0153,0.839,0.823,0.001658,0.091,0.0,small,0,0.005,0.995,0.833,thick
SME_000118,6,32,services,HCMC,,,,,,,,,,,,,,,,286.5,-0.095,1.0,,,,,,,,,,,,,micro,1,0.0606,0.9394,0.1,thin
SME_000119,13,19,F&B,Hanoi,240251000.0,0.436,286.0,0.0,4.52,,,,,,,,,,,,,,,,,,,,,,,,,,small,0,0.005,0.995,0.167,thin
SME_000120,27,14,manufacturing,HaiPhong,56631000.0,-0.265,71.0,0.133,4.04,15017000.0,393500000.0,0.746,0.672,21.0,,,,,,,,,70.0,0.81,0.129,16.0,4.04,41.0,0.034,0.031,0.559,0.002055,0.129,0.0,small,1,0.6585,0.3415,0.733,thick
SME_000121,50,28,retail,Hanoi,,,,,,43669000.0,2408342000.0,1.0,0.91,30.0,1326819000.0,0.476,52.0,1.0,0.08,,,,335.0,0.948,0.125,83.0,4.2,70.0,0.0298,0.864,0.812,0.002472,0.148,0.0,small,0,0.0371,0.9629,0.733,thick
SME_000122,6,9,F&B,Hanoi,,,,,,,,,,,,,,,,,,,,,,,,,,,,,,,micro,1,0.0798,0.9202,0.0,thin
SME_000123,5,32,services,other,,,,,,,,,,,,,,,,,,,,,,,,,,,,,,,micro,0,0.1559,0.8441,0.0,thin
SME_000124,7,32,services,Danang,,,,,,,,,,,,,,,,,,,,,,,,,,,,,,,micro,0,0.0457,0.9543,0.0,thin
SME_000125,37,16,services,HCMC,411054000.0,0.302,241.0,0.182,4.47,71341000.0,927198000.0,0.967,1.0,25.0,2824932000.0,0.435,48.0,1.0,0.018,1520.9,0.297,0.739,194.0,0.86,0.091,29.0,4.14,46.0,0.0422,,,,,,small,0,0.0772,0.9228,0.833,thick
SME_000126,7,32,F&B,Hanoi,,,,,,38224000.0,339620000.0,0.753,0.972,19.0,1323871000.0,0.309,27.0,0.912,0.086,968.5,0.146,0.879,,,,16.0,3.88,122.0,0.0389,0.752,0.636,0.002333,0.061,0.0,micro,0,0.0748,0.9252,0.733,thick
SME_000127,5,22,wholesale,Hanoi,,,,,,10113000.0,309234000.0,0.994,1.0,28.0,899525000.0,0.469,19.0,0.979,0.008,,,,,,,,,,,,,,,,micro,0,0.0197,0.9803,0.333,thin
SME_000128,8,27,manufacturing,HCMC,128494000.0,0.683,164.0,0.068,4.68,11061000.0,162412000.0,0.856,0.898,22.0,,,,,,,,,,,,,,,,,,,,,micro,0,0.0183,0.9817,0.333,thin
SME_000129,31,85,agriculture,Hanoi,528190000.0,0.244,154.0,0.1,4.51,138774000.0,524460000.0,0.867,0.883,31.0,,,,,,7396.3,0.279,1.0,42.0,1.0,0.0,50.0,3.81,71.0,0.0081,0.439,0.541,0.001465,0.06,0.0,small,0,0.0149,0.9851,0.833,thick
SME_000130,9,39,wholesale,Hanoi,,,,,,,,,,,,,,,,,,,,,,,,,,,,,,,micro,0,0.0104,0.9896,0.0,thin
SME_000131,177,26,wholesale,HCMC,2250236000.0,-0.033,1478.0,0.107,4.48,176728000.0,4410097000.0,0.83,0.987,27.0,10712881000.0,0.48,115.0,1.0,0.095,,,,317.0,0.934,0.026,,,,,0.648,0.907,0.00197,0.065,0.0,medium,0,0.0187,0.9813,0.767,thick
SME_000132,18,111,manufacturing,HCMC,,,,,,,,,,,2143242000.0,0.647,88.0,1.0,0.032,3712.5,-0.152,0.885,263.0,0.904,0.162,,,,,0.629,0.517,0.001791,0.103,0.0,small,0,0.1467,0.8533,0.533,semi
SME_000133,4,13,retail,other,,,,,,,,,,,689984000.0,0.394,12.0,0.808,0.031,,,,37.0,0.882,0.148,,,,,,,,,,micro,0,0.3248,0.6752,0.267,thin
SME_000134,30,23,retail,Hanoi,129854000.0,0.17,60.0,0.062,4.7,17372000.0,158017000.0,0.955,0.841,28.0,,,,,,1421.2,0.231,0.903,,,,40.0,3.94,48.0,0.0042,,,,,,small,0,0.3523,0.6477,0.567,semi
SME_000135,8,66,manufacturing,other,71300000.0,0.722,33.0,0.138,4.51,32113000.0,226664000.0,0.815,0.933,20.0,842111000.0,0.607,25.0,1.0,0.0,1092.1,0.188,0.855,42.0,1.0,0.194,45.0,3.91,63.0,0.0214,0.721,0.727,0.002199,0.155,0.0,micro,0,0.0176,0.9824,1.0,thick
SME_000136,170,53,manufacturing,Danang,610925000.0,0.367,375.0,0.051,4.72,287148000.0,2136193000.0,1.0,1.0,31.0,8153754000.0,0.535,88.0,0.895,0.009,5276.5,0.062,0.982,,,,100.0,4.04,39.0,0.0347,0.424,0.861,0.001654,0.117,0.0,medium,0,0.0674,0.9326,0.9,thick
SME_000137,34,48,services,other,,,,,,,,,,,5168168000.0,0.21,31.0,0.97,0.051,,,,130.0,0.967,0.108,,,,,,,,,,small,1,0.3089,0.6911,0.267,thin
SME_000138,24,10,services,HCMC,,,,,,39833000.0,1013359000.0,0.876,0.965,23.0,,,,,,6256.5,0.384,0.988,,,,,,,,,,,,,small,0,0.005,0.995,0.267,thin
SME_000139,5,50,F&B,HCMC,86902000.0,0.117,87.0,0.096,4.29,35204000.0,518562000.0,1.0,0.908,27.0,,,,,,1332.5,0.183,0.845,,,,,,,,,,,,,micro,0,0.005,0.995,0.433,semi
SME_000140,14,62,F&B,HCMC,456877000.0,0.359,165.0,0.161,4.21,36985000.0,652133000.0,0.842,0.946,25.0,2500894000.0,0.253,32.0,0.886,0.016,,,,92.0,0.901,0.046,49.0,4.22,52.0,0.0194,0.95,0.415,0.001711,0.12,0.0,small,0,0.1728,0.8272,0.9,thick
SME_000141,16,40,wholesale,HCMC,,,,,,,,,,,,,,,,,,,,,,291.0,3.99,57.0,0.0592,0.62,1.0,0.002764,0.129,0.0,small,0,0.0095,0.9905,0.3,thin
SME_000142,200,55,F&B,HCMC,2343067000.0,0.346,1061.0,0.062,4.62,,,,,,8424946000.0,0.272,123.0,1.0,0.04,6463.2,0.562,0.84,1293.0,0.971,0.065,428.0,3.68,59.0,0.0795,0.42,0.372,0.002475,0.199,0.0,medium,0,0.0297,0.9703,0.833,thick
SME_000143,42,34,services,HCMC,292019000.0,0.215,521.0,0.104,4.38,84325000.0,700883000.0,1.0,0.856,28.0,1643176000.0,0.469,40.0,0.979,0.0,2347.7,-0.045,0.829,,,,52.0,4.57,77.0,0.024,,,,,,small,0,0.005,0.995,0.733,thick
SME_000144,43,40,agriculture,Danang,,,,,,51808000.0,369244000.0,0.946,0.814,22.0,2662150000.0,0.515,44.0,0.936,0.015,3886.5,0.154,0.935,298.0,0.981,0.058,164.0,4.93,57.0,0.0589,,,,,,small,0,0.005,0.995,0.667,semi
SME_000145,3,12,agriculture,Hanoi,,,,,,17898000.0,315455000.0,0.914,0.997,31.0,919957000.0,0.375,28.0,0.894,0.0,733.6,0.411,1.0,23.0,1.0,0.165,51.0,4.55,43.0,0.0702,0.751,0.768,0.001522,0.209,0.0,micro,0,0.0269,0.9731,0.833,thick
SME_000146,8,33,services,CanTho,218796000.0,0.444,170.0,0.037,4.31,,,,,,1190915000.0,0.315,31.0,0.779,0.0,,,,29.0,1.0,0.096,111.0,4.67,143.0,0.0338,0.471,0.398,0.001613,0.152,0.0,micro,0,0.0055,0.9945,0.733,thick
SME_000147,26,17,F&B,other,247708000.0,0.519,342.0,0.042,4.47,,,,,,,,,,,,,,,,,9.0,4.05,37.0,0.0371,,,,,,small,0,0.009,0.991,0.3,thin
SME_000148,4,31,retail,HCMC,,,,,,,,,,,,,,,,,,,,,,,,,,,,,,,micro,0,0.005,0.995,0.0,thin
SME_000149,5,72,services,other,,,,,,16838000.0,339283000.0,0.978,1.0,23.0,871907000.0,0.834,22.0,0.945,0.029,,,,,,,,,,,,,,,,micro,0,0.0076,0.9924,0.333,thin
SME_000150,40,57,wholesale,Danang,761011000.0,0.354,383.0,0.056,4.68,,,,,,2448763000.0,0.31,64.0,0.92,0.046,3466.6,0.314,0.781,115.0,0.909,0.029,41.0,4.13,39.0,0.0,0.463,0.658,0.002366,0.01,0.0,small,0,0.0244,0.9756,0.833,thick
SME_000151,125,56,agriculture,other,1992371000.0,0.554,1932.0,0.0,3.87,280439000.0,3450454000.0,0.84,1.0,27.0,6403662000.0,0.466,104.0,0.832,0.019,,,,813.0,0.901,0.018,242.0,3.81,108.0,0.0192,0.683,0.408,0.001389,0.055,0.0,medium,0,0.0156,0.9844,0.9,thick
SME_000152,10,86,services,HCMC,53807000.0,0.359,33.0,0.03,3.87,12720000.0,312921000.0,1.0,0.931,31.0,,,,,,581.3,-0.003,0.939,40.0,0.919,0.068,31.0,5.0,56.0,0.0587,,,,,,micro,0,0.005,0.995,0.667,semi
SME_000153,40,4,F&B,Hanoi,,,,,,,,,,,,,,,,,,,,,,,,,,,,,,,small,0,0.0128,0.9872,0.0,thin
SME_000154,10,34,manufacturing,HCMC,,,,,,,,,,,948807000.0,0.401,25.0,0.857,0.001,,,,82.0,0.85,0.209,18.0,4.73,25.0,0.0575,,,,,,micro,0,0.0299,0.9701,0.4,thin
SME_000155,17,59,manufacturing,Hanoi,,,,,,60449000.0,1053764000.0,0.966,1.0,31.0,3474940000.0,0.269,58.0,1.0,0.038,,,,,,,81.0,4.22,73.0,0.0172,0.58,0.571,0.003497,0.037,0.0,small,0,0.102,0.898,0.633,semi
SME_000156,10,23,retail,Hanoi,58088000.0,0.345,50.0,0.026,4.18,,,,,,,,,,,,,,,,,,,,,,,,,,micro,0,0.0212,0.9788,0.167,thin
SME_000157,40,21,manufacturing,HCMC,270002000.0,0.316,227.0,0.115,4.15,,,,,,1212720000.0,0.117,34.0,0.735,0.004,,,,220.0,1.0,0.021,,,,,0.465,0.268,0.001609,0.108,0.0,small,0,0.446,0.554,0.6,semi
SME_000158,22,71,retail,Hanoi,,,,,,49967000.0,467977000.0,0.991,0.999,27.0,,,,,,1244.7,-0.092,0.987,,,,,,,,0.353,0.651,0.000995,0.057,0.0,small,0,0.1274,0.8726,0.433,semi
SME_000159,35,6,retail,other,633094000.0,0.219,201.0,0.042,4.27,31089000.0,837512000.0,1.0,0.905,16.0,,,,,,1848.0,0.338,1.0,,,,,,,,0.624,0.802,0.003489,0.136,0.0,small,0,0.0471,0.9529,0.6,semi
SME_000160,5,14,agriculture,Hanoi,,,,,,23857000.0,294070000.0,0.82,1.0,28.0,710286000.0,0.496,39.0,0.85,0.096,363.8,0.264,0.827,,,,,,,,,,,,,micro,0,0.0232,0.9768,0.433,semi
SME_000161,72,174,manufacturing,HCMC,,,,,,,,,,,,,,,,,,,,,,,,,,,,,,,medium,0,0.0453,0.9547,0.0,thin
SME_000162,1,36,services,HCMC,,,,,,,,,,,,,,,,,,,,,,,,,,,,,,,micro,0,0.0857,0.9143,0.0,thin
SME_000163,3,16,retail,Danang,,,,,,,,,,,179200000.0,0.23,27.0,0.964,0.048,,,,26.0,0.963,0.049,41.0,4.29,35.0,0.0478,0.565,0.74,0.002249,0.058,0.0,micro,0,0.0119,0.9881,0.567,semi
SME_000164,12,32,manufacturing,Hanoi,330752000.0,0.399,298.0,0.056,4.65,81191000.0,873325000.0,0.927,0.968,21.0,2200202000.0,0.167,67.0,0.906,0.025,1890.5,0.152,1.0,,,,,,,,1.0,0.491,0.001327,0.046,0.0,small,0,0.0181,0.9819,0.767,thick
SME_000165,2,19,retail,HaiPhong,,,,,,,,,,,,,,,,,,,,,,,,,,,,,,,micro,0,0.5205,0.4795,0.0,thin
SME_000166,35,20,retail,HaiPhong,206331000.0,0.277,78.0,0.033,4.73,33598000.0,1641475000.0,0.892,0.969,22.0,4025336000.0,0.042,28.0,0.819,0.027,,,,,,,,,,,0.843,0.214,0.003064,0.084,0.0,small,0,0.0718,0.9282,0.667,semi
SME_000167,20,16,manufacturing,HaiPhong,544728000.0,0.409,274.0,0.046,4.63,,,,,,5318859000.0,0.369,47.0,1.0,0.01,6279.2,0.15,0.935,112.0,0.986,0.095,30.0,3.81,225.0,0.0362,0.943,0.441,0.001634,0.16,0.0,small,0,0.0614,0.9386,0.833,thick
SME_000168,7,19,F&B,HCMC,,,,,,6968000.0,206642000.0,0.862,0.895,25.0,,,,,,753.8,0.221,0.965,,,,26.0,4.48,26.0,0.0417,0.537,0.583,0.001757,0.03,0.0,micro,0,0.0745,0.9255,0.567,semi
SME_000169,109,45,wholesale,HCMC,,,,,,209543000.0,2082133000.0,0.794,1.0,18.0,,,,,,5169.3,0.006,0.968,376.0,0.901,0.0,29.0,3.36,23.0,0.0152,,,,,,medium,0,0.005,0.995,0.5,semi
SME_000170,3,48,retail,CanTho,,,,,,,,,,,,,,,,742.8,0.248,0.709,43.0,0.983,0.102,30.0,4.29,63.0,0.009,,,,,,micro,0,0.0169,0.9831,0.333,thin
SME_000171,35,127,F&B,Hanoi,,,,,,79117000.0,583089000.0,0.858,0.922,21.0,3727079000.0,0.526,75.0,0.874,0.049,3191.5,-0.044,0.865,205.0,0.857,0.099,60.0,4.66,60.0,0.0463,0.927,0.637,0.001971,0.065,0.0,small,0,0.0569,0.9431,0.833,thick
SME_000172,2,54,retail,HCMC,,,,,,17530000.0,467976000.0,0.982,1.0,19.0,,,,,,1565.9,0.69,0.82,,,,,,,,0.796,0.644,0.002324,0.0,0.0,micro,0,0.2109,0.7891,0.433,semi
SME_000173,101,49,retail,Hanoi,2322599000.0,0.333,972.0,0.125,4.24,,,,,,14761517000.0,0.467,154.0,0.992,0.0,5775.1,0.277,0.88,,,,193.0,4.08,69.0,0.0393,0.459,0.838,0.002137,0.122,0.0,medium,0,0.0171,0.9829,0.733,thick
SME_000174,5,17,services,CanTho,,,,,,30296000.0,412299000.0,0.965,1.0,30.0,763689000.0,0.453,26.0,1.0,0.018,546.9,0.189,0.922,,,,51.0,3.84,52.0,0.0302,0.604,0.69,0.000948,0.162,0.0,micro,0,0.1326,0.8674,0.733,thick
SME_000175,7,37,manufacturing,HCMC,,,,,,,,,,,532372000.0,0.431,40.0,1.0,0.0,370.8,0.348,0.92,54.0,0.986,0.0,53.0,4.79,43.0,0.0271,0.759,0.898,0.002846,0.086,0.0,micro,0,0.0104,0.9896,0.667,semi
SME_000176,4,14,services,Hanoi,,,,,,,,,,,659264000.0,0.465,25.0,0.897,0.048,,,,,,,33.0,4.59,59.0,0.0628,,,,,,micro,0,0.0368,0.9632,0.3,thin
SME_000177,184,55,wholesale,Hanoi,,,,,,,,,,,18707981000.0,0.513,102.0,0.92,0.01,7772.7,0.274,1.0,,,,134.0,4.05,80.0,0.0305,1.0,0.305,0.002886,0.132,0.0,medium,0,0.005,0.995,0.567,semi
SME_000178,200,39,retail,HaiPhong,1666166000.0,0.429,565.0,0.048,4.39,170027000.0,1445589000.0,0.962,0.914,25.0,4823987000.0,0.403,89.0,0.89,0.03,9340.8,0.183,0.867,149.0,0.894,0.064,108.0,4.81,96.0,0.0141,0.893,0.817,0.001448,0.193,1.0,medium,0,0.2457,0.7543,1.0,thick
SME_000179,49,60,retail,Hanoi,,,,,,,,,,,2214692000.0,0.219,30.0,0.975,0.033,,,,269.0,1.0,0.094,36.0,4.0,74.0,0.0247,,,,,,small,0,0.0488,0.9512,0.4,thin
SME_000180,117,72,agriculture,Hanoi,939047000.0,0.133,1173.0,0.161,4.74,200264000.0,3122496000.0,0.936,0.91,24.0,11073636000.0,0.299,141.0,0.909,0.007,13382.6,0.21,0.915,752.0,0.862,0.041,101.0,4.9,47.0,0.0662,0.773,0.704,0.002065,0.122,0.0,medium,0,0.0252,0.9748,1.0,thick
SME_000181,143,29,manufacturing,HCMC,1854803000.0,0.288,1287.0,0.096,4.38,213450000.0,3381227000.0,1.0,0.794,21.0,21792823000.0,0.579,190.0,0.981,0.014,31121.2,0.497,0.884,1179.0,0.955,0.0,102.0,4.46,44.0,0.0126,0.404,0.592,0.001146,0.208,0.0,medium,0,0.0255,0.9745,1.0,thick
SME_000182,47,17,retail,Hanoi,757715000.0,0.677,175.0,0.103,4.64,41839000.0,433213000.0,1.0,1.0,30.0,1957968000.0,0.419,40.0,0.806,0.042,1844.0,0.106,1.0,383.0,1.0,0.122,122.0,3.8,73.0,0.0359,0.932,0.37,0.002776,0.021,0.0,small,0,0.005,0.995,1.0,thick
SME_000183,3,45,retail,HCMC,69084000.0,0.701,36.0,0.119,4.65,,,,,,424834000.0,0.267,30.0,1.0,0.027,190.9,0.148,0.972,76.0,0.947,0.038,,,,,0.762,0.915,0.002584,0.086,0.0,micro,0,0.0081,0.9919,0.7,semi
SME_000184,24,30,services,HCMC,781587000.0,0.331,171.0,0.045,4.65,52916000.0,639691000.0,1.0,0.89,20.0,2550763000.0,0.37,82.0,0.832,0.015,3583.1,0.451,1.0,283.0,0.878,0.114,73.0,4.21,58.0,0.0492,0.946,0.754,0.002017,0.129,0.0,small,0,0.028,0.972,1.0,thick
SME_000185,10,42,wholesale,HCMC,352886000.0,0.225,314.0,0.097,4.88,,,,,,3129980000.0,0.46,37.0,0.975,0.066,,,,,,,,,,,,,,,,small,0,0.0097,0.9903,0.333,thin
SME_000186,6,20,retail,HaiPhong,,,,,,,,,,,,,,,,,,,28.0,1.0,0.051,,,,,,,,,,micro,0,0.2104,0.7896,0.1,thin
SME_000187,8,27,F&B,Danang,,,,,,,,,,,,,,,,,,,,,,,,,,,,,,,micro,1,0.7782,0.2218,0.0,thin
SME_000188,23,52,manufacturing,HCMC,569161000.0,0.57,152.0,0.043,3.92,72451000.0,1471936000.0,0.982,0.737,22.0,3468200000.0,0.563,70.0,0.911,0.005,,,,,,,,,,,0.807,0.587,0.001895,0.034,0.0,small,0,0.005,0.995,0.667,semi
SME_000189,1,45,manufacturing,other,,,,,,,,,,,,,,,,,,,,,,,,,,,,,,,micro,0,0.0811,0.9189,0.0,thin
SME_000190,102,4,services,HaiPhong,703657000.0,-0.099,561.0,0.167,4.21,104460000.0,1559270000.0,0.826,0.81,24.0,4005393000.0,0.199,74.0,0.927,0.042,8102.3,-0.091,0.814,359.0,0.951,0.019,31.0,4.35,36.0,0.0583,0.265,0.305,0.000873,0.008,0.0,medium,0,0.3813,0.6187,1.0,thick
SME_000191,7,61,wholesale,other,,,,,,10652000.0,233979000.0,0.983,0.808,19.0,,,,,,700.7,0.355,0.936,,,,,,,,,,,,,micro,0,0.1187,0.8813,0.267,thin
SME_000192,1,8,wholesale,Danang,208095000.0,0.003,97.0,0.097,4.25,22621000.0,190359000.0,0.99,1.0,26.0,669983000.0,0.189,27.0,0.748,0.0,916.0,-0.059,0.973,35.0,0.982,0.064,26.0,4.17,65.0,0.013,0.924,0.588,0.002165,0.046,0.0,micro,0,0.0786,0.9214,1.0,thick
SME_000193,171,42,retail,Hanoi,2044717000.0,0.278,1124.0,0.125,4.42,310552000.0,3898252000.0,1.0,0.686,27.0,,,,,,,,,585.0,0.949,0.0,180.0,4.68,56.0,0.0599,0.238,0.657,0.001959,0.0,0.0,medium,0,0.0369,0.9631,0.733,thick
SME_000194,9,32,F&B,HCMC,,,,,,,,,,,,,,,,,,,,,,,,,,,,,,,micro,0,0.0567,0.9433,0.0,thin
SME_000195,5,43,retail,other,,,,,,,,,,,,,,,,,,,,,,,,,,,,,,,micro,0,0.005,0.995,0.0,thin
SME_000196,38,51,retail,other,,,,,,,,,,,,,,,,,,,,,,,,,,,,,,,small,0,0.0242,0.9758,0.0,thin
SME_000197,89,74,F&B,Hanoi,,,,,,,,,,,,,,,,,,,533.0,0.944,0.108,389.0,3.98,37.0,0.0341,,,,,,medium,0,0.0073,0.9927,0.233,thin
SME_000198,9,46,agriculture,Danang,,,,,,6976000.0,171494000.0,0.904,0.893,25.0,893535000.0,0.298,30.0,0.973,0.07,506.1,0.373,1.0,27.0,1.0,0.116,,,,,1.0,0.755,0.003113,0.077,0.0,micro,0,0.0461,0.9539,0.7,semi
SME_000199,5,35,retail,HCMC,179759000.0,0.719,65.0,0.129,4.16,27404000.0,326837000.0,1.0,0.923,15.0,,,,,,,,,69.0,1.0,0.177,,,,,0.565,0.943,0.001159,0.067,0.0,micro,0,0.0252,0.9748,0.6,semi
SME_000200,26,95,retail,CanTho,,,,,,,,,,,,,,,,4377.3,0.532,1.0,52.0,0.952,0.143,,,,,0.788,0.829,0.002795,0.127,0.0,small,0,0.0112,0.9888,0.367,thin
SME_000201,139,72,services,HCMC,838516000.0,0.773,841.0,0.008,4.55,328203000.0,4225949000.0,0.973,0.891,21.0,,,,,,,,,1064.0,0.934,0.093,41.0,4.73,33.0,0.0409,0.915,0.598,0.000984,0.078,0.0,medium,0,0.0362,0.9638,0.733,thick
SME_000202,18,55,services,Hanoi,599906000.0,0.167,204.0,0.073,4.14,40346000.0,717663000.0,0.896,0.843,31.0,2626075000.0,0.219,44.0,0.851,0.002,,,,,,,,,,,0.823,0.799,0.002459,0.05,0.0,small,0,0.005,0.995,0.667,semi
SME_000203,5,27,wholesale,CanTho,30551000.0,0.206,74.0,0.087,4.49,,,,,,,,,,,,,,,,,34.0,3.77,31.0,0.0109,,,,,,micro,0,0.1064,0.8936,0.3,thin
SME_000204,3,10,manufacturing,HaiPhong,,,,,,,,,,,,,,,,617.6,0.06,0.938,,,,15.0,4.04,32.0,0.0185,0.648,0.678,0.002089,0.055,0.0,micro,0,0.0156,0.9844,0.4,thin
SME_000205,4,90,services,HCMC,,,,,,,,,,,,,,,,,,,,,,,,,,,,,,,micro,0,0.0342,0.9658,0.0,thin
SME_000206,6,65,wholesale,Danang,177970000.0,0.074,65.0,0.02,4.35,10057000.0,97993000.0,0.941,0.868,23.0,,,,,,,,,,,,,,,,,,,,,micro,0,0.0426,0.9574,0.333,thin
SME_000207,43,23,manufacturing,Hanoi,,,,,,63745000.0,578195000.0,0.811,0.803,23.0,,,,,,,,,67.0,1.0,0.134,,,,,0.836,0.509,0.001895,0.0,0.0,small,1,0.1742,0.8258,0.433,semi
SME_000208,1,16,F&B,Hanoi,,,,,,,,,,,,,,,,,,,,,,,,,,,,,,,micro,0,0.2175,0.7825,0.0,thin
SME_000209,47,15,manufacturing,Hanoi,,,,,,,,,,,1783142000.0,0.255,46.0,0.978,0.066,,,,,,,,,,,,,,,,small,0,0.0709,0.9291,0.167,thin
SME_000210,38,25,manufacturing,Hanoi,314088000.0,0.526,263.0,0.089,4.16,40156000.0,1498571000.0,1.0,0.887,24.0,2483534000.0,0.584,52.0,0.996,0.034,,,,95.0,0.991,0.067,,,,,0.832,0.378,0.001421,0.116,0.0,small,0,0.0417,0.9583,0.767,thick
SME_000211,18,99,retail,HCMC,,,,,,51184000.0,591986000.0,1.0,0.862,22.0,5386672000.0,0.217,46.0,0.964,0.0,,,,,,,,,,,0.838,0.932,0.001558,0.065,0.0,small,0,0.0115,0.9885,0.5,semi
SME_000212,8,5,retail,Hanoi,106889000.0,0.771,51.0,0.141,4.68,18192000.0,269715000.0,0.858,0.827,31.0,953819000.0,0.365,44.0,0.852,0.054,479.1,0.411,1.0,39.0,0.84,0.068,,,,,0.65,0.879,0.00339,0.0,0.0,micro,0,0.0472,0.9528,0.867,thick
SME_000213,43,59,manufacturing,HCMC,564723000.0,0.709,258.0,0.049,4.46,85109000.0,892232000.0,0.86,0.896,27.0,,,,,,,,,210.0,0.959,0.113,198.0,4.06,41.0,0.0405,0.447,0.509,0.002207,0.061,0.0,small,0,0.0418,0.9582,0.733,thick
SME_000214,36,76,F&B,other,141953000.0,0.105,327.0,0.014,4.46,65965000.0,804978000.0,1.0,0.881,27.0,3036779000.0,0.557,46.0,0.875,0.011,4927.4,0.014,0.933,145.0,0.957,0.069,99.0,4.14,54.0,0.0171,0.473,0.522,0.001267,0.111,0.0,small,0,0.0302,0.9698,1.0,thick
SME_000215,37,54,services,other,556569000.0,-0.109,83.0,0.047,4.76,,,,,,,,,,,6896.3,0.297,1.0,203.0,0.937,0.044,,,,,0.81,0.68,0.001787,0.076,0.0,small,0,0.0054,0.9946,0.533,semi
SME_000216,10,67,retail,Hanoi,63395000.0,0.647,50.0,0.119,3.98,13229000.0,345756000.0,0.944,1.0,25.0,672001000.0,0.468,30.0,0.913,0.037,752.9,0.018,0.977,,,,,,,,0.777,0.669,0.002744,0.007,0.0,micro,0,0.056,0.944,0.767,thick
SME_000217,3,40,retail,Hanoi,,,,,,33906000.0,420386000.0,0.929,0.877,23.0,2152959000.0,0.377,19.0,1.0,0.011,376.1,0.273,0.808,68.0,0.943,0.06,28.0,4.46,51.0,0.0251,0.447,1.0,0.002124,0.046,0.0,micro,0,0.0126,0.9874,0.833,thick
SME_000218,68,91,wholesale,CanTho,1055226000.0,-0.101,496.0,0.028,4.34,,,,,,,,,,,9824.0,-0.023,0.966,,,,,,,,,,,,,medium,0,0.2495,0.7505,0.267,thin
SME_000219,9,18,retail,Hanoi,203730000.0,0.006,67.0,0.141,4.54,,,,,,,,,,,,,,,,,,,,,,,,,,micro,0,0.005,0.995,0.167,thin
SME_000220,10,8,retail,CanTho,,,,,,,,,,,,,,,,563.3,0.327,1.0,,,,,,,,,,,,,micro,0,0.0183,0.9817,0.1,thin
SME_000221,14,47,retail,Danang,,,,,,,,,,,,,,,,2148.3,0.161,0.901,273.0,0.93,0.049,,,,,,,,,,small,0,0.0462,0.9538,0.2,thin
SME_000222,43,41,F&B,other,231183000.0,0.201,192.0,0.1,4.36,43800000.0,1034595000.0,0.89,0.96,28.0,3251702000.0,0.26,36.0,0.866,0.01,1833.0,0.242,0.968,24.0,0.84,0.056,17.0,4.33,30.0,0.0432,0.622,0.479,0.001079,0.209,0.0,small,0,0.3605,0.6395,1.0,thick
SME_000223,96,51,retail,Hanoi,1618251000.0,0.56,973.0,0.032,4.43,178611000.0,6409659000.0,1.0,1.0,28.0,30455974000.0,0.628,113.0,0.797,0.008,18821.7,0.129,0.884,230.0,1.0,0.017,301.0,4.08,40.0,0.0224,0.201,0.975,0.002109,0.152,0.0,medium,0,0.0232,0.9768,1.0,thick
SME_000224,7,40,agriculture,HCMC,45258000.0,0.253,77.0,0.067,4.09,,,,,,,,,,,,,,17.0,1.0,0.091,,,,,0.829,0.668,0.002588,0.0,0.0,micro,0,0.0071,0.9929,0.433,semi
SME_000225,165,87,services,HCMC,1281480000.0,-0.004,570.0,0.151,4.19,184940000.0,880026000.0,0.928,0.848,31.0,,,,,,9295.7,0.034,0.949,,,,,,,,0.998,0.947,0.002659,0.047,0.0,medium,0,0.1262,0.8738,0.6,semi
SME_000226,1,49,retail,HCMC,113400000.0,0.158,129.0,0.061,4.71,14681000.0,262435000.0,0.902,0.825,30.0,264776000.0,0.305,31.0,1.0,0.015,460.2,0.286,0.853,113.0,0.889,0.128,15.0,4.67,34.0,0.0786,0.977,0.835,0.001259,0.011,0.0,micro,0,0.0649,0.9351,1.0,thick
SME_000227,23,56,agriculture,other,,,,,,69202000.0,424274000.0,0.999,0.927,24.0,,,,,,2075.7,0.229,0.92,,,,58.0,4.0,41.0,0.0453,0.704,0.798,0.001154,0.075,0.0,small,0,0.0109,0.9891,0.567,semi
SME_000228,10,41,agriculture,HCMC,,,,,,60739000.0,280601000.0,0.983,0.969,18.0,2539659000.0,0.406,43.0,0.829,0.008,,,,164.0,1.0,0.048,30.0,4.42,40.0,0.0261,0.781,0.66,0.002106,0.0,1.0,small,0,0.0114,0.9886,0.733,thick
SME_000229,7,25,agriculture,HCMC,,,,,,,,,,,,,,,,230.1,0.291,1.0,35.0,0.991,0.085,29.0,4.28,65.0,0.0385,,,,,,micro,0,0.0168,0.9832,0.333,thin
SME_000230,3,11,manufacturing,HCMC,60452000.0,0.479,74.0,0.013,4.22,16834000.0,265514000.0,0.982,0.763,28.0,690090000.0,0.414,16.0,0.984,0.041,843.3,0.192,0.806,,,,,,,,0.458,0.709,0.003544,0.003,0.0,micro,0,0.1337,0.8663,0.767,thick
SME_000231,9,39,agriculture,Danang,,,,,,,,,,,,,,,,,,,,,,,,,,,,,,,micro,0,0.0745,0.9255,0.0,thin
SME_000232,151,25,retail,Hanoi,2361890000.0,0.131,932.0,0.207,4.54,,,,,,3628121000.0,0.253,35.0,0.868,0.046,7299.9,0.07,0.878,575.0,0.853,0.053,115.0,4.52,21.0,0.0748,0.401,0.201,0.001075,0.165,0.0,medium,1,0.5248,0.4752,0.833,thick
SME_000233,49,36,retail,Hanoi,296704000.0,0.324,149.0,0.128,4.0,32579000.0,756750000.0,0.929,0.933,28.0,2119605000.0,0.102,61.0,0.944,0.034,3717.1,0.163,0.99,224.0,0.956,0.137,,,,,0.802,0.385,0.002837,0.121,0.0,small,0,0.033,0.967,0.867,thick
SME_000234,70,49,F&B,other,,,,,,587226000.0,3546386000.0,0.964,1.0,18.0,13541483000.0,0.658,112.0,1.0,0.0,7451.0,0.283,1.0,153.0,0.975,0.085,46.0,4.36,51.0,0.0,0.3,0.42,0.001339,0.0,0.0,medium,0,0.0406,0.9594,0.833,thick
SME_000235,21,27,services,Hanoi,,,,,,53075000.0,1327041000.0,0.917,0.893,26.0,2052192000.0,0.433,39.0,1.0,0.04,,,,,,,,,,,,,,,,small,0,0.005,0.995,0.333,thin
SME_000236,32,14,services,HCMC,319040000.0,0.429,138.0,0.063,4.6,60054000.0,1758802000.0,0.77,0.922,9.0,2178125000.0,0.451,47.0,1.0,0.025,2715.0,0.143,0.997,161.0,0.842,0.099,,,,,0.428,0.739,0.001837,0.082,0.0,small,0,0.0637,0.9363,0.867,thick
SME_000237,23,63,F&B,HCMC,,,,,,,,,,,,,,,,2358.1,0.177,0.889,,,,,,,,0.893,0.53,0.00197,0.002,0.0,small,0,0.0695,0.9305,0.267,thin
SME_000238,7,11,retail,HCMC,52396000.0,0.048,48.0,0.105,5.0,,,,,,426645000.0,0.189,26.0,0.957,0.051,,,,,,,37.0,4.25,58.0,0.0579,0.779,0.893,0.003406,0.0,0.0,micro,0,0.0082,0.9918,0.633,semi
SME_000239,5,20,services,HCMC,85744000.0,0.181,153.0,0.0,4.34,,,,,,1332909000.0,0.39,39.0,0.909,0.0,531.7,0.302,0.754,53.0,0.952,0.0,,,,,0.932,0.324,0.002725,0.0,0.0,micro,0,0.005,0.995,0.7,semi
SME_000240,39,101,retail,other,431395000.0,0.423,240.0,0.016,4.42,,,,,,1343165000.0,0.403,60.0,1.0,0.0,,,,280.0,0.966,0.0,,,,,,,,,,small,0,0.0812,0.9188,0.433,semi
SME_000241,27,50,F&B,Hanoi,,,,,,,,,,,3877592000.0,0.437,69.0,0.929,0.031,3358.5,0.279,0.823,399.0,0.963,0.031,,,,,,,,,,small,0,0.005,0.995,0.367,thin
SME_000242,9,51,services,HCMC,,,,,,,,,,,,,,,,,,,,,,,,,,,,,,,micro,0,0.0579,0.9421,0.0,thin
SME_000243,35,32,retail,Danang,,,,,,,,,,,,,,,,,,,,,,,,,,,,,,,small,1,0.1444,0.8556,0.0,thin
SME_000244,16,103,retail,other,,,,,,62782000.0,521069000.0,0.958,1.0,8.0,,,,,,7812.4,0.335,0.974,197.0,0.93,0.006,,,,,,,,,,small,0,0.0104,0.9896,0.367,thin
SME_000245,56,75,F&B,Hanoi,2225614000.0,0.398,849.0,0.0,4.21,430063000.0,3412780000.0,0.867,0.942,18.0,9353211000.0,0.681,106.0,0.938,0.0,14095.4,0.358,1.0,580.0,1.0,0.0,66.0,4.2,41.0,0.0657,0.31,0.32,0.002391,0.093,0.0,medium,0,0.0106,0.9894,1.0,thick
SME_000246,14,58,manufacturing,other,331738000.0,0.025,203.0,0.112,3.88,32634000.0,561564000.0,0.886,0.898,27.0,3913024000.0,0.249,28.0,0.733,0.0,3293.6,0.241,1.0,,,,19.0,4.35,43.0,0.0457,0.13,0.526,0.002098,0.02,0.0,small,0,0.2291,0.7709,0.9,thick
SME_000247,10,4,retail,other,,,,,,17371000.0,224089000.0,0.951,1.0,27.0,,,,,,786.9,0.246,0.986,,,,39.0,5.0,58.0,0.0631,,,,,,micro,0,0.005,0.995,0.4,thin
SME_000248,7,6,services,Hanoi,,,,,,,,,,,,,,,,,,,,,,,,,,,,,,,micro,0,0.0261,0.9739,0.0,thin
SME_000249,3,53,services,HCMC,107878000.0,0.49,21.0,0.046,4.52,,,,,,,,,,,1480.2,0.326,0.775,21.0,0.857,0.107,11.0,3.52,46.0,0.0135,0.313,0.861,0.001295,0.002,0.0,micro,0,0.1238,0.8762,0.667,semi
SME_000250,44,29,F&B,other,,,,,,42464000.0,5291345000.0,1.0,0.997,24.0,,,,,,,,,,,,,,,,1.0,0.709,0.001887,0.0,0.0,small,0,0.0124,0.9876,0.333,thin
SME_000251,50,86,retail,other,,,,,,,,,,,,,,,,,,,,,,,,,,0.793,0.916,0.002114,0.101,0.0,medium,0,0.0055,0.9945,0.167,thin
SME_000252,33,34,retail,other,280515000.0,0.193,315.0,0.09,4.64,47119000.0,563422000.0,0.877,0.882,19.0,8365642000.0,0.405,76.0,1.0,0.039,4132.0,0.085,0.99,178.0,1.0,0.0,152.0,4.88,50.0,0.0524,0.585,0.326,0.00168,0.0,0.0,small,0,0.0144,0.9856,1.0,thick
SME_000253,6,102,retail,Hanoi,,,,,,,,,,,1368122000.0,0.527,26.0,0.89,0.076,,,,42.0,0.937,0.091,,,,,0.64,0.568,0.003645,0.119,0.0,micro,0,0.0072,0.9928,0.433,semi
SME_000254,4,41,agriculture,CanTho,,,,,,15694000.0,93352000.0,0.844,0.83,27.0,,,,,,1294.9,0.318,0.94,27.0,0.831,0.063,17.0,4.06,40.0,0.0396,,,,,,micro,0,0.1256,0.8744,0.5,semi
SME_000255,40,42,agriculture,HCMC,156605000.0,0.56,473.0,0.079,4.47,,,,,,1986516000.0,0.598,50.0,1.0,0.046,4312.0,0.461,0.763,41.0,0.962,0.0,,,,,0.762,0.724,0.002253,0.141,0.0,small,0,0.0134,0.9866,0.7,semi
SME_000256,21,34,retail,other,,,,,,,,,,,,,,,,4243.9,0.327,0.933,,,,,,,,,,,,,small,0,0.0237,0.9763,0.1,thin
SME_000257,10,1,manufacturing,Hanoi,,,,,,,,,,,,,,,,503.0,0.192,0.93,,,,,,,,,,,,,micro,0,0.0519,0.9481,0.1,thin
SME_000258,3,52,agriculture,HCMC,,,,,,,,,,,,,,,,,,,,,,215.0,4.48,86.0,0.0733,,,,,,micro,1,0.0601,0.9399,0.133,thin
SME_000259,33,15,F&B,HCMC,,,,,,51310000.0,535185000.0,0.828,0.798,20.0,3049639000.0,0.339,39.0,0.672,0.049,,,,,,,,,,,,,,,,small,0,0.3077,0.6923,0.333,thin
SME_000260,1,12,retail,other,,,,,,19704000.0,285963000.0,0.979,0.908,24.0,1089596000.0,0.119,43.0,0.975,0.021,563.5,0.236,0.869,,,,,,,,,,,,,micro,0,0.005,0.995,0.433,semi
SME_000261,24,45,services,other,105271000.0,0.014,130.0,0.132,4.69,,,,,,2185850000.0,0.325,16.0,0.844,0.035,2151.6,0.128,0.889,293.0,0.907,0.161,,,,,,,,,,small,1,0.4428,0.5572,0.533,semi
SME_000262,9,29,F&B,HCMC,,,,,,,,,,,,,,,,,,,26.0,0.82,0.1,9.0,4.6,30.0,0.0218,0.568,0.879,0.002362,0.086,0.0,micro,0,0.0623,0.9377,0.4,thin
SME_000263,10,119,retail,Hanoi,158749000.0,0.139,74.0,0.0,4.66,,,,,,,,,,,734.8,0.747,0.852,125.0,0.918,0.0,48.0,4.26,63.0,0.0212,0.771,0.73,0.002298,0.026,0.0,micro,0,0.0287,0.9713,0.667,semi
SME_000264,64,87,F&B,Hanoi,697480000.0,0.669,1065.0,0.0,4.07,152855000.0,1379675000.0,0.83,0.888,29.0,,,,,,9625.4,0.1,0.956,,,,190.0,4.76,49.0,0.0774,0.835,0.683,0.004229,0.0,0.0,medium,0,0.0581,0.9419,0.733,thick
SME_000265,5,79,retail,Hanoi,196785000.0,0.446,30.0,0.193,4.44,,,,,,1042313000.0,0.074,19.0,1.0,0.047,516.1,0.175,0.897,54.0,0.986,0.046,68.0,4.73,47.0,0.0863,1.0,0.599,0.001593,0.004,0.0,micro,1,0.2028,0.7972,0.833,thick
SME_000266,2,37,F&B,Danang,,,,,,,,,,,,,,,,,,,92.0,0.922,0.14,,,,,,,,,,micro,0,0.027,0.973,0.1,thin
SME_000267,10,66,manufacturing,Hanoi,,,,,,,,,,,1073201000.0,0.154,32.0,0.886,0.0,784.4,0.062,0.955,115.0,1.0,0.0,,,,,0.761,0.686,0.0028,0.021,0.0,micro,0,0.005,0.995,0.533,semi
SME_000268,8,15,agriculture,other,,,,,,13658000.0,458063000.0,0.97,0.974,16.0,994051000.0,0.261,20.0,0.952,0.012,555.2,0.055,0.892,,,,45.0,3.86,33.0,0.0591,0.771,0.334,0.002311,0.0,0.0,micro,1,0.1995,0.8005,0.733,thick
SME_000269,8,10,retail,CanTho,153402000.0,0.695,60.0,0.178,4.39,9796000.0,112844000.0,1.0,0.914,20.0,,,,,,964.0,0.227,0.986,34.0,0.973,0.08,10.0,3.84,86.0,0.0627,,,,,,micro,0,0.0197,0.9803,0.667,semi
SME_000270,2,68,retail,other,,,,,,,,,,,,,,,,,,,,,,,,,,0.694,0.656,0.002446,0.003,0.0,micro,0,0.3234,0.6766,0.167,thin
SME_000271,10,22,retail,Hanoi,,,,,,8669000.0,188985000.0,1.0,0.928,24.0,,,,,,,,,14.0,1.0,0.004,,,,,,,,,,micro,0,0.0628,0.9372,0.267,thin
SME_000272,9,127,manufacturing,HCMC,127586000.0,0.443,64.0,0.129,4.11,13519000.0,171206000.0,0.734,0.968,26.0,681067000.0,0.638,20.0,0.955,0.045,,,,,,,,,,,,,,,,micro,0,0.0569,0.9431,0.5,semi
SME_000273,38,54,agriculture,HaiPhong,,,,,,,,,,,,,,,,3909.6,0.23,0.955,,,,,,,,0.94,0.533,0.002138,0.049,0.0,small,0,0.0306,0.9694,0.267,thin
SME_000274,38,97,services,Hanoi,,,,,,50697000.0,178249000.0,1.0,0.992,29.0,,,,,,,,,,,,,,,,,,,,,small,0,0.005,0.995,0.167,thin
SME_000275,9,5,manufacturing,HCMC,,,,,,18106000.0,98620000.0,0.993,1.0,17.0,521737000.0,0.344,16.0,1.0,0.0,,,,62.0,1.0,0.148,11.0,4.53,59.0,0.0853,,,,,,micro,0,0.0166,0.9834,0.567,semi
SME_000276,9,39,retail,Hanoi,,,,,,,,,,,1175695000.0,0.095,18.0,0.906,0.021,592.6,0.173,0.74,65.0,0.878,0.02,,,,,,,,,,micro,0,0.2075,0.7925,0.367,thin
SME_000277,31,95,services,Hanoi,302268000.0,-0.25,209.0,0.104,4.3,,,,,,,,,,,,,,,,,,,,,0.927,0.474,0.001891,0.0,0.0,small,1,0.1372,0.8628,0.333,thin
SME_000278,157,7,retail,Hanoi,1684852000.0,0.209,753.0,0.1,4.23,,,,,,11218537000.0,0.403,101.0,1.0,0.0,11026.4,0.333,0.997,256.0,1.0,0.132,47.0,4.42,72.0,0.0872,0.517,0.282,0.000659,0.087,0.0,medium,0,0.1953,0.8047,0.833,thick
SME_000279,89,18,agriculture,CanTho,2651577000.0,0.185,1588.0,0.118,4.66,195540000.0,2684328000.0,0.779,1.0,31.0,11193762000.0,0.311,75.0,0.873,0.062,3841.5,-0.022,0.904,279.0,0.91,0.024,277.0,4.53,56.0,0.0502,0.887,0.525,0.001784,0.025,0.0,medium,0,0.044,0.956,1.0,thick
SME_000280,1,17,retail,Hanoi,49051000.0,0.203,63.0,0.105,4.65,,,,,,,,,,,,,,,,,72.0,3.58,33.0,0.0535,0.847,0.741,0.001571,0.0,0.0,micro,0,0.2218,0.7782,0.467,semi
SME_000281,3,14,retail,other,,,,,,,,,,,,,,,,,,,,,,,,,,0.188,0.725,0.001521,0.244,0.0,micro,0,0.5224,0.4776,0.167,thin
SME_000282,9,69,retail,HCMC,,,,,,,,,,,,,,,,,,,19.0,1.0,0.089,9.0,4.69,92.0,0.0389,,,,,,micro,0,0.132,0.868,0.233,thin
SME_000283,4,25,services,HCMC,,,,,,,,,,,165093000.0,0.127,10.0,0.888,0.05,,,,,,,,,,,,,,,,micro,0,0.1609,0.8391,0.167,thin
SME_000284,49,29,wholesale,other,,,,,,,,,,,,,,,,,,,166.0,0.991,0.102,,,,,0.942,0.744,0.006294,0.0,0.0,small,0,0.005,0.995,0.267,thin
SME_000285,6,24,retail,Hanoi,,,,,,,,,,,,,,,,895.6,0.367,1.0,,,,22.0,3.6,87.0,0.017,0.717,0.478,0.00194,0.082,0.0,micro,0,0.0342,0.9658,0.4,thin
SME_000286,6,42,retail,HCMC,,,,,,,,,,,,,,,,204.8,0.279,0.918,,,,,,,,,,,,,micro,0,0.1604,0.8396,0.1,thin
SME_000287,8,22,F&B,CanTho,,,,,,16411000.0,84621000.0,0.831,0.897,24.0,,,,,,,,,,,,,,,,,,,,,micro,0,0.0553,0.9447,0.167,thin
SME_000288,32,36,services,Hanoi,,,,,,72297000.0,287899000.0,0.915,0.791,17.0,2089014000.0,0.547,51.0,0.844,0.049,6535.8,0.337,0.801,,,,98.0,4.2,71.0,0.0604,0.703,0.468,0.00173,0.015,0.0,small,0,0.005,0.995,0.733,thick
SME_000289,8,58,services,Hanoi,,,,,,6918000.0,116504000.0,0.824,1.0,22.0,,,,,,661.4,0.232,1.0,62.0,0.965,0.0,27.0,4.0,137.0,0.0,,,,,,micro,0,0.013,0.987,0.5,semi
SME_000290,54,38,retail,Hanoi,603204000.0,0.613,317.0,0.042,3.9,95663000.0,4280733000.0,1.0,1.0,25.0,,,,,,,,,430.0,0.991,0.084,,,,,,,,,,medium,0,0.0161,0.9839,0.433,semi
SME_000291,6,9,manufacturing,other,,,,,,,,,,,855555000.0,0.357,52.0,0.825,0.07,,,,,,,,,,,,,,,,micro,0,0.0065,0.9935,0.167,thin
SME_000292,86,123,wholesale,HCMC,2339741000.0,0.6,1486.0,0.044,4.25,274108000.0,9381782000.0,0.882,0.974,23.0,17263563000.0,0.707,175.0,0.965,0.009,13631.8,0.101,1.0,965.0,0.895,0.104,89.0,3.95,32.0,0.0624,0.696,0.768,0.001134,0.136,0.0,medium,0,0.005,0.995,1.0,thick
SME_000293,6,16,retail,HCMC,,,,,,,,,,,2196139000.0,0.434,23.0,0.832,0.037,,,,,,,,,,,,,,,,micro,0,0.031,0.969,0.167,thin
SME_000294,140,80,retail,Hanoi,649611000.0,0.462,408.0,0.02,4.86,163984000.0,3372695000.0,0.942,0.943,19.0,,,,,,8747.6,0.469,0.996,478.0,1.0,0.027,,,,,0.883,0.799,0.001307,0.0,0.0,medium,0,0.1539,0.8461,0.7,semi
SME_000295,200,35,F&B,HaiPhong,514364000.0,-0.016,475.0,0.18,4.77,,,,,,5672592000.0,0.183,66.0,0.949,0.041,16832.0,0.085,0.903,,,,21.0,4.77,67.0,0.0332,0.881,0.763,0.00175,0.072,0.0,medium,0,0.1895,0.8105,0.733,thick
SME_000296,85,113,manufacturing,other,,,,,,,,,,,8640275000.0,0.062,101.0,1.0,0.0,14127.0,-0.056,0.999,,,,,,,,0.809,0.301,0.001961,0.158,0.0,medium,0,0.036,0.964,0.433,semi
SME_000297,18,41,manufacturing,other,418758000.0,0.727,534.0,0.145,4.49,64529000.0,767398000.0,0.941,0.767,22.0,4639261000.0,0.66,73.0,1.0,0.0,3696.2,0.184,1.0,216.0,1.0,0.06,12.0,4.15,58.0,0.0414,0.81,0.745,0.004382,0.037,0.0,small,0,0.0179,0.9821,1.0,thick
SME_000298,22,93,retail,HCMC,293829000.0,0.563,393.0,0.028,4.21,46625000.0,931937000.0,0.824,0.97,24.0,5650615000.0,0.326,66.0,1.0,0.086,2166.1,0.371,0.96,112.0,0.925,0.11,39.0,3.8,57.0,0.0677,0.576,0.777,0.00153,0.036,0.0,small,0,0.076,0.924,1.0,thick
SME_000299,11,125,manufacturing,Hanoi,,,,,,,,,,,1666336000.0,0.235,43.0,0.916,0.031,,,,,,,,,,,,,,,,small,0,0.0124,0.9876,0.167,thin
